id,cdate,udate,uid,title,hash,public,deleted,space_id
4154457,2026-07-13 19:54:15,2026-07-13 21:13:44,146673030,New Moodboard,ad9560a7cecc01dbf425f6f307b56bd2,0,0,12053332
4154428,2026-07-13 19:48:34,2026-07-14 05:05:30,146673030,New Moodboard,5ea455b3dc8e36af8b48b196aadd1cdd,0,0,12053332
3565551,2026-05-06 10:18:24,2026-06-25 09:09:05,146673030,New Moodboard,f022449116297ade710535e0c2dbc1de,0,0,12053332
2947397,2026-03-04 17:09:29,2026-04-30 13:44:24,146673030,Mood board,606519af1e3dec6387fc43f267db48a1,0,1,12053332
2947395,2026-03-04 17:09:24,2026-04-30 13:43:28,146673030,Mood board,57392acd092d06104b19914d363b3ffc,0,1,12053332
2946804,2026-03-04 16:10:28,2026-03-31 16:08:05,146673030,Mood board,753ab47506b34e7fb52757a0f2109936,0,1,12053332
2946803,2026-03-04 16:10:26,2026-03-31 16:08:05,146673030,Mood board,f8b9dd9249663b16e2ea7e96583c8352,0,1,12053332
2946802,2026-03-04 16:10:23,2026-03-31 16:08:05,146673030,Mood board,4aff3757866e2e39129830d89b7de408,0,1,12053332
2130060,2025-11-18 10:15:57,2026-04-30 13:44:51,146673030,Thanksgiving V2 (duplicate),a871e7caedc90b8fc1270d8d2a9b2e36,0,1,12053332
2129748,2025-11-18 08:48:54,2026-04-30 13:44:31,146673030,Thanksgiving V2,17f9f4665bac7069c36e03fb771bc349,0,1,12053332
2105623,2025-11-14 19:45:59,2026-04-30 13:44:27,146673030,Mood board,f64189be8ccb6f7544cbfd8185e0b313,0,1,12053332
1914088,2025-10-15 21:20:03,2026-04-30 14:34:00,146673030,Hocus Pocus Moodboard,1faf36bf27f19a6869f978d2f39a888b,0,0,12053332
1372223,2025-07-03 17:20:03,2026-07-08 16:54:30,146673030,Contemporary Mid-Century-Modern,8813088697bfee0b17897fb4624c7f2e,0,0,12053332
1372222,2025-07-03 17:17:57,2026-03-31 16:08:05,146673030,Mood board,2ce01d5adfbe5dac9eda547ac0ca71da,0,1,12053332
1115555,2025-05-14 14:35:16,2026-03-31 16:08:05,146673030,Creative Workspace,9fd74f228474b1e3e86ea7fcaec3ebc4,0,0,12053332
1115189,2025-05-14 13:19:20,2026-05-13 14:15:37,146673030,Rooted Eclectic,56d6e92990b09be43bfc1ac1b5c663a8,0,0,12053332
1110409,2025-05-13 12:22:51,2026-03-31 16:08:05,146673030,Mood board,e0dc87a81d9ddcced1fbbefdd8d5b622,0,1,12053332
1110408,2025-05-13 12:22:49,2026-05-13 16:38:52,146673030,Mediterranean,805dc299c32d3c9914312df4e991c2b5,0,0,12053332
1083890,2025-05-07 17:08:45,2026-03-31 16:08:05,146673030,Mood board,6eb69c3ac623379f5b5a8a5ea818544d,0,1,12053332
1083889,2025-05-07 17:08:43,2026-03-31 16:08:05,146673030,Mood board,ae9fe2b741086f2494859bebf51460b6,0,1,12053332
398309,2024-11-29 08:16:28,2026-05-13 14:15:11,146673030,Christmas,91eea40de10e42e7f0924772c5cc38e2,0,0,12053332
392372,2024-11-27 07:58:42,2026-03-31 16:08:05,146673030,Mood board,e2ddd2cbc1190547f5de3ba7ed32cfbf,0,1,12053332
392371,2024-11-27 07:57:56,2026-03-31 16:08:05,146673030,Mood board,aea4571dee56261f84a95332b5f69065,0,1,12053332
388731,2024-11-26 08:34:32,2026-03-31 16:08:05,146673030,Mood board,4d71437e15b26afd0e087032b30cf61b,0,1,12053332
309579,2024-11-03 22:24:19,2026-03-31 16:08:05,146673030,Mood board,2984de454c17ff7d0240aad548e28ea9,0,1,12053332
309578,2024-11-03 22:21:44,2026-03-31 16:08:05,146673030,Mood board,adbe40b823b780beb544c411547137df,0,1,12053332
211897,2024-10-01 06:17:19,2026-03-31 16:08:05,146673030,Bright luxury,059a1ea1b6e71035f74f5ea04b3c3d39,0,0,12053332
211896,2024-10-01 06:17:18,2026-06-08 07:36:06,146673030,Earth tones,024606e91093437e341cdea92c14c960,0,0,12053332
211895,2024-10-01 06:17:17,2026-03-31 16:08:05,146673030,Golden blue,135e7b9b96481f28efbcc87b054d4996,0,0,12053332
211894,2024-10-01 06:17:16,2026-03-31 16:08:05,146673030,Modern industrial,6dafcb3d6944bc0ca6dca84156597294,0,0,12053332
211893,2024-10-01 06:17:15,2026-03-31 16:08:05,146673030,Pastel,83d4583b42e63c74e3da5b6ca230c631,0,0,12053332
211892,2024-10-01 06:17:14,2026-03-31 16:08:05,146673030,Warm boho,a8a9ee6dac8f68ebad71a3cc123fe278,0,0,12053332
211891,2024-10-01 06:17:14,2026-03-31 16:08:05,146673030,Japandi,6dc534f3f4cc88cdd4019019eba4b938,0,0,12053332
211890,2024-10-01 06:17:13,2026-03-31 16:08:05,146673030,"""Friends"" apartment",d41039fad88eb678283aa47aedadd570,0,0,12053332
211889,2024-10-01 06:17:12,2026-03-31 16:08:05,146673030,Minimalist Bathroom,7c7c1e9d1c325b83f8c96e5631f5acd0,0,0,12053332
211888,2024-10-01 06:17:11,2026-03-31 16:08:05,146673030,Office interior - Yellow sofa,764b981cc32dd7c95c34aa532360ba63,0,0,12053332
211887,2024-10-01 06:17:10,2026-03-31 16:08:05,146673030,B&W Bathroom,585aa1b6d6d51f7cddea8a139386445c,0,0,12053332
211886,2024-10-01 06:17:09,2026-03-31 16:08:05,146673030,Modern Scandi - Shopping list,97036816386fb09e3c8d682a7a272aeb,0,0,12053332
211885,2024-10-01 06:17:08,2026-03-31 16:08:05,146673030,Emerald Bathroom,515c5e090d6b0c5182dfa0627d703e8a,0,0,12053332
211884,2024-10-01 06:17:07,2026-03-31 16:08:05,146673030,Make the interior cozier,ca85b06ad8869b3f54056911fa3ba178,0,0,12053332
