id,cdate,udate,wid,wid_forced,uid,sid,width,height,quality,type,draft,time,data,status,v,vstatus,parent_id,space_id,id,cdate,udate,folder,uid,hash,title,url,filter,descr,description_ai,meta_description,meta_title,tags,number,views,rid,rcounter,comments,version,public,gstatus,platform,deleted,space_id
35592263,2026-07-20 15:25:17,2026-07-20 15:39:12,5114,,179895932,36247419,3840,2160,2500,regular,0,00:00:14,100,finished,6,1,,5998468,36247419,2026-07-20 15:25:17,2026-07-20 15:39:12,0,179895932,4ec53962125bc760ce09d4fbbfbe95cf,Jay 23 copy,QR4VJJ,,,,,,,1,0,35592263,0,0,6,0,1,web,0,5998468
35589071,2026-07-20 10:18:01,2026-07-20 10:35:01,5344,,179895932,36244223,3840,2160,2500,regular,0,00:00:19,100,finished,6,1,,5998468,36244223,2026-07-20 10:18:01,2026-07-20 10:35:01,0,179895932,e8e65fc3cdca0894afecf4672be4af05,Kathleen Pierson,QR4RDN,,,,,,,5,0,35589071,0,0,6,0,1,web,0,5998468
35589043,2026-07-20 10:17:58,2026-07-20 10:29:02,5212,,179895932,36244195,3840,2160,2500,regular,0,00:00:19,100,finished,6,1,,5998468,36244195,2026-07-20 10:17:57,2026-07-20 10:29:02,0,179895932,e8e65fc3cdca0894afecf4672be4af05,Kathleen Pierson,QR4RDS,,,,,,,4,0,35589043,0,0,6,0,1,web,0,5998468
35589039,2026-07-20 10:17:51,2026-07-20 10:27:59,5344,,179895932,36244191,3840,2160,2500,regular,0,00:00:15,100,finished,6,1,,5998468,36244191,2026-07-20 10:17:51,2026-07-20 10:27:59,0,179895932,e8e65fc3cdca0894afecf4672be4af05,Kathleen Pierson,QR4RCN,,,,,,,3,0,35589039,0,0,6,0,1,web,0,5998468
35589031,2026-07-20 10:17:07,2026-07-20 10:24:36,5248,,179895932,36244183,3840,2160,2500,regular,0,00:00:20,100,finished,6,1,,5998468,36244183,2026-07-20 10:17:07,2026-07-20 10:24:36,0,179895932,e8e65fc3cdca0894afecf4672be4af05,Kathleen Pierson,QR4RCD,,,,,,,2,0,35589031,0,0,6,0,1,web,0,5998468
35589027,2026-07-20 10:17:04,2026-07-20 10:24:42,5111,,179895932,36244179,3840,2160,2500,regular,0,00:00:15,100,finished,6,1,,5998468,36244179,2026-07-20 10:17:03,2026-07-20 10:24:42,0,179895932,e8e65fc3cdca0894afecf4672be4af05,Kathleen Pierson,QR4RC5,,,,,,,1,0,35589027,0,0,6,0,1,web,0,5998468
35501779,2026-07-14 15:18:28,2026-07-14 15:27:38,5174,,179895932,36156931,3840,2160,2500,regular,0,00:00:29,100,finished,6,1,,5998468,36156931,2026-07-14 15:18:27,2026-07-14 15:27:38,0,179895932,dd0f0484ecb93746683d792876b10bcb,Uraz 4,QR192S,,,,,,,2,0,35501779,0,0,6,0,1,web,0,5998468
35501399,2026-07-14 15:03:40,,,,179895932,36156551,900,675,200,regular,1,00:00:00,0,stored,6,1,,5998468,36156551,2026-07-14 15:03:40,2026-07-14 15:03:40,0,179895932,dd0f0484ecb93746683d792876b10bcb,Uraz 4,QR19TX,,,,,,,1,0,35501399,0,0,6,0,1,web,0,5998468
35407859,2026-07-08 08:56:43,2026-07-08 09:24:52,5111,,179895932,36062983,8192,4096,2500,walkthrough360,0,00:00:58,100,finished,6,1,35407843,5998468,36062983,2026-07-08 08:56:40,2026-07-08 09:24:52,0,179895932,36e6c99fc9368c413ba7426302ee2750,Modest Maximalism - YT taks,QR83FX,,,,,,,36062983,0,35407859,0,0,6,0,1,web,0,5998468
35407855,2026-07-08 08:56:35,2026-07-08 09:25:14,5339,,179895932,36062979,8192,4096,2500,walkthrough360,0,00:00:46,100,finished,6,1,35407843,5998468,36062979,2026-07-08 08:56:34,2026-07-08 09:25:14,0,179895932,36e6c99fc9368c413ba7426302ee2750,Modest Maximalism - YT taks,QR83FS,,,,,,,36062979,0,35407855,0,0,6,0,1,web,0,5998468
35407851,2026-07-08 08:56:32,2026-07-08 09:26:59,5154,,179895932,36062975,8192,4096,2500,walkthrough360,0,00:00:52,100,finished,6,1,35407843,5998468,36062975,2026-07-08 08:56:29,2026-07-08 09:26:59,0,179895932,36e6c99fc9368c413ba7426302ee2750,Modest Maximalism - YT taks,QR83DN,,,,,,,36062975,0,35407851,0,0,6,0,1,web,0,5998468
35407847,2026-07-08 08:56:28,2026-07-08 09:45:24,5335,,179895932,36062971,8192,4096,2500,walkthrough360,0,00:02:02,100,finished,6,1,35407843,5998468,36062971,2026-07-08 08:56:26,2026-07-08 09:45:24,0,179895932,36e6c99fc9368c413ba7426302ee2750,Modest Maximalism - YT taks,QR83DJ,,,,,,,36062971,0,35407847,0,0,6,0,1,web,0,5998468
35407843,2026-07-08 08:56:23,2026-07-08 09:22:20,5107,,179895932,36062967,8192,4096,2500,walkthrough360,0,00:00:50,100,finished,6,1,,5998468,36062967,2026-07-08 08:56:19,2026-07-08 09:22:20,0,179895932,36e6c99fc9368c413ba7426302ee2750,Modest Maximalism - YT taks,QR83DD,,,,,,,36062220,0,35407843,0,0,6,0,1,web,0,5998468
35407099,2026-07-08 07:48:42,2026-07-08 08:15:42,5154,,179895932,36062219,8192,4096,2500,walkthrough360,0,00:00:54,100,finished,6,1,35407075,5998468,36062219,2026-07-08 07:48:39,2026-07-08 08:15:42,0,179895932,36e6c99fc9368c413ba7426302ee2750,Modest Maximalism - YT taks,QR83P7,,,,,,,36062219,0,35407099,0,0,6,0,1,web,0,5998468
35407095,2026-07-08 07:48:35,2026-07-08 08:19:32,5212,,179895932,36062215,8192,4096,2500,walkthrough360,0,00:01:00,100,finished,6,1,35407075,5998468,36062215,2026-07-08 07:48:31,2026-07-08 08:19:32,0,179895932,36e6c99fc9368c413ba7426302ee2750,Modest Maximalism - YT taks,QR83PX,,,,,,,36062215,0,35407095,0,0,6,0,1,web,0,5998468
35407087,2026-07-08 07:48:24,2026-07-08 08:18:50,5248,,179895932,36062207,8192,4096,2500,walkthrough360,0,00:01:04,100,finished,6,1,35407075,5998468,36062207,2026-07-08 07:48:22,2026-07-08 08:18:50,0,179895932,36e6c99fc9368c413ba7426302ee2750,Modest Maximalism - YT taks,QR82NN,,,,,,,36062207,0,35407087,0,0,6,0,1,web,0,5998468
35407083,2026-07-08 07:48:19,2026-07-08 08:37:20,3455,,179895932,36062199,8192,4096,2500,walkthrough360,0,00:02:03,100,finished,6,1,35407075,5998468,36062199,2026-07-08 07:48:10,2026-07-08 08:37:20,0,179895932,36e6c99fc9368c413ba7426302ee2750,Modest Maximalism - YT taks,QR82ND,,,,,,,36062199,0,35407083,0,0,6,0,1,web,0,5998468
35407075,2026-07-08 07:48:04,2026-07-08 08:22:01,5174,,179895932,36062195,8192,4096,2500,walkthrough360,0,00:02:07,100,finished,6,1,,5998468,36062195,2026-07-08 07:48:00,2026-07-08 08:22:01,0,179895932,36e6c99fc9368c413ba7426302ee2750,Modest Maximalism - YT taks,QR82N5,,,,,,,36053060,0,35407075,0,0,6,0,1,web,0,5998468
35397963,2026-07-07 16:04:35,2026-07-07 16:43:40,3455,,179895932,36053059,8192,4096,2500,walkthrough360,0,00:01:56,100,finished,6,1,35397947,5998468,36053059,2026-07-07 16:04:35,2026-07-07 16:43:40,0,179895932,36e6c99fc9368c413ba7426302ee2750,Modest Maximalism - YT taks,QR8YRS,,,,,,,36053059,0,35397963,0,0,6,0,1,web,0,5998468
35397959,2026-07-07 16:04:34,2026-07-07 16:35:15,5111,,179895932,36053055,8192,4096,2500,walkthrough360,0,00:01:01,100,finished,6,1,35397947,5998468,36053055,2026-07-07 16:04:34,2026-07-07 16:35:15,0,179895932,36e6c99fc9368c413ba7426302ee2750,Modest Maximalism - YT taks,QR8YQN,,,,,,,36053055,0,35397959,0,0,6,0,1,web,0,5998468
35397955,2026-07-07 16:04:34,2026-07-07 16:52:10,5312,,179895932,36053051,8192,4096,2500,walkthrough360,0,00:02:13,100,finished,6,1,35397947,5998468,36053051,2026-07-07 16:04:34,2026-07-07 16:52:10,0,179895932,36e6c99fc9368c413ba7426302ee2750,Modest Maximalism - YT taks,QR8YQJ,,,,,,,36053051,0,35397955,0,0,6,0,1,web,0,5998468
35397951,2026-07-07 16:04:33,2026-07-07 16:53:15,5335,,179895932,36053047,8192,4096,2500,walkthrough360,0,00:01:56,100,finished,6,1,35397947,5998468,36053047,2026-07-07 16:04:33,2026-07-07 16:53:15,0,179895932,36e6c99fc9368c413ba7426302ee2750,Modest Maximalism - YT taks,QR8YQD,,,,,,,36053047,0,35397951,0,0,6,0,1,web,0,5998468
35397947,2026-07-07 16:04:33,2026-07-07 16:31:51,5248,,179895932,36053043,8192,4096,2500,walkthrough360,0,00:01:01,100,finished,6,1,,5998468,36053043,2026-07-07 16:04:33,2026-07-07 16:31:51,0,179895932,36e6c99fc9368c413ba7426302ee2750,Modest Maximalism - YT taks,QR8YQ5,,,,,,,21,0,35397947,0,0,6,0,1,web,0,5998468
35397907,2026-07-07 16:01:44,2026-07-07 16:08:26,5174,,179895932,36053003,3840,2160,2500,regular,0,00:00:30,100,finished,6,1,,5998468,36053003,2026-07-07 16:01:44,2026-07-07 16:08:26,0,179895932,36e6c99fc9368c413ba7426302ee2750,Modest Maximalism - YT taks,QR8YP7,,,,,,,20,0,35397907,0,0,6,0,1,web,0,5998468
35397903,2026-07-07 16:01:39,2026-07-07 16:09:30,5170,,179895932,36052999,3840,2160,2500,regular,0,00:00:14,100,finished,6,1,,5998468,36052999,2026-07-07 16:01:39,2026-07-07 16:09:30,0,179895932,36e6c99fc9368c413ba7426302ee2750,Modest Maximalism - YT taks,QR8YPX,,,,,,,19,0,35397903,0,0,6,0,1,web,0,5998468
35397731,2026-07-07 15:51:33,,,,179895932,36052819,900,675,200,regular,1,00:00:00,0,stored,6,1,,5998468,36052819,2026-07-07 15:50:33,2026-07-07 15:51:33,0,179895932,36e6c99fc9368c413ba7426302ee2750,Modest Maximalism - YT taks,QR8XH5,,,,,,,18,0,35397731,0,0,6,0,1,web,0,5998468
35397647,2026-07-07 15:44:25,2026-07-07 15:54:22,5176,,179895932,36052739,3840,2160,2500,regular,0,00:00:35,100,finished,6,1,,5998468,36052739,2026-07-07 15:43:30,2026-07-07 15:54:22,0,179895932,36e6c99fc9368c413ba7426302ee2750,Modest Maximalism - YT taks,QR8XFS,,,,,,,17,0,35397647,0,0,6,0,1,web,0,5998468
35397635,2026-07-07 15:42:13,2026-07-07 15:50:35,5107,,179895932,36052723,3840,2160,2500,regular,0,00:00:15,100,finished,6,1,,5998468,36052723,2026-07-07 15:41:07,2026-07-07 15:50:35,0,179895932,36e6c99fc9368c413ba7426302ee2750,Modest Maximalism - YT taks,QR8XD5,,,,,,,16,0,35397635,0,0,6,0,1,web,0,5998468
35397515,2026-07-07 15:29:35,,,,179895932,36052607,900,675,200,regular,1,00:00:00,0,stored,6,1,,5998468,36052607,2026-07-07 15:29:04,2026-07-07 15:29:36,0,179895932,36e6c99fc9368c413ba7426302ee2750,Modest Maximalism - YT taks,QR8X5N,,,,,,,15,0,35397515,0,0,6,0,1,web,0,5998468
35397319,2026-07-07 15:13:43,,,,179895932,36052411,900,675,200,regular,1,00:00:00,0,stored,6,1,,5998468,36052411,2026-07-07 15:12:32,2026-07-07 15:13:43,0,179895932,36e6c99fc9368c413ba7426302ee2750,Modest Maximalism - YT taks,QR8X9J,,,,,,,14,0,35397319,0,0,6,0,1,web,0,5998468
35397283,2026-07-07 15:11:19,2026-07-07 15:23:56,5240,,179895932,36052387,3840,2160,2500,regular,0,00:00:34,100,finished,6,1,,5998468,36052387,2026-07-07 15:11:19,2026-07-07 15:23:56,0,179895932,36e6c99fc9368c413ba7426302ee2750,Modest Maximalism - YT taks,QR8X9S,,,,,,,13,0,35397283,0,0,6,0,1,web,0,5998468
35397219,2026-07-07 15:09:36,2026-07-07 15:20:00,5176,,179895932,36052327,3840,2160,2500,regular,0,00:00:30,100,finished,6,1,,5998468,36052327,2026-07-07 15:09:35,2026-07-07 15:20:00,0,179895932,36e6c99fc9368c413ba7426302ee2750,Modest Maximalism - YT taks,QR8X7X,,,,,,,12,0,35397219,0,0,6,0,1,web,0,5998468
35397211,2026-07-07 15:09:29,2026-07-07 15:16:47,5240,,179895932,36052319,3840,2160,2500,regular,0,00:00:10,100,finished,6,1,,5998468,36052319,2026-07-07 15:09:29,2026-07-07 15:16:47,0,179895932,36e6c99fc9368c413ba7426302ee2750,Modest Maximalism - YT taks,QR8X6N,,,,,,,11,0,35397211,0,0,6,0,1,web,0,5998468
35396911,2026-07-07 14:51:34,2026-07-07 14:57:47,5032,,179895932,36052015,1280,720,2500,regular,0,00:00:09,100,finished,6,1,,5998468,36052015,2026-07-07 14:51:33,2026-07-07 14:57:47,0,179895932,36e6c99fc9368c413ba7426302ee2750,Modest Maximalism - YT taks,QR8XQ1,,,,,,,10,0,35396911,0,0,6,0,1,web,0,5998468
35396899,2026-07-07 14:51:15,2026-07-07 14:57:10,5168,,179895932,36052003,1280,720,2500,regular,0,00:00:40,100,finished,6,1,,5998468,36052003,2026-07-07 14:51:15,2026-07-07 14:57:10,0,179895932,36e6c99fc9368c413ba7426302ee2750,Modest Maximalism - YT taks,QR8XQS,,,,,,,9,0,35396899,0,0,6,0,1,web,0,5998468
35396895,2026-07-07 14:51:12,2026-07-07 14:55:22,5176,,179895932,36051999,1280,720,2500,regular,0,00:00:13,100,finished,6,1,,5998468,36051999,2026-07-07 14:51:11,2026-07-07 14:55:22,0,179895932,36e6c99fc9368c413ba7426302ee2750,Modest Maximalism - YT taks,QR8XPN,,,,,,,8,0,35396895,0,0,6,0,1,web,0,5998468
35396887,2026-07-07 14:51:05,2026-07-07 14:55:06,5256,,179895932,36051991,1280,720,2500,regular,0,00:00:09,100,finished,6,1,,5998468,36051991,2026-07-07 14:51:05,2026-07-07 14:55:06,0,179895932,36e6c99fc9368c413ba7426302ee2750,Modest Maximalism - YT taks,QR8XPD,,,,,,,7,0,35396887,0,0,6,0,1,web,0,5998468
35396823,2026-07-07 14:48:44,2026-07-07 14:51:02,5168,,179895932,36051923,1280,720,2500,regular,0,00:00:09,100,finished,6,1,,5998468,36051923,2026-07-07 14:48:33,2026-07-07 14:51:02,0,179895932,36e6c99fc9368c413ba7426302ee2750,Modest Maximalism - YT taks,QR8WM5,,,,,,,6,0,35396823,0,0,6,0,1,web,0,5998468
35396587,2026-07-07 14:32:34,2026-07-07 14:38:23,5240,,179895932,36051691,1280,720,2500,regular,0,00:00:09,100,finished,6,1,,5998468,36051691,2026-07-07 14:32:34,2026-07-07 14:38:23,0,179895932,36e6c99fc9368c413ba7426302ee2750,Modest Maximalism - YT taks,QR8WD7,,,,,,,5,0,35396587,0,0,6,0,1,web,0,5998468
35396579,2026-07-07 14:32:32,2026-07-07 14:36:58,5084,,179895932,36051683,1280,720,2500,regular,0,00:00:10,100,finished,6,1,,5998468,36051683,2026-07-07 14:32:32,2026-07-07 14:36:58,0,179895932,36e6c99fc9368c413ba7426302ee2750,Modest Maximalism - YT taks,QR8WDS,,,,,,,4,0,35396579,0,0,6,0,1,web,0,5998468
35396567,2026-07-07 14:32:15,2026-07-07 14:36:52,5240,,179895932,36051671,1280,720,2500,regular,0,00:00:11,100,finished,6,1,,5998468,36051671,2026-07-07 14:32:14,2026-07-07 14:36:52,0,179895932,36e6c99fc9368c413ba7426302ee2750,Modest Maximalism - YT taks,QR8WCD,,,,,,,3,0,35396567,0,0,6,0,1,web,0,5998468
35396563,2026-07-07 14:32:11,2026-07-07 14:35:27,5084,,179895932,36051667,1280,720,2500,regular,0,00:00:09,100,finished,6,1,,5998468,36051667,2026-07-07 14:32:11,2026-07-07 14:35:27,0,179895932,36e6c99fc9368c413ba7426302ee2750,Modest Maximalism - YT taks,QR8WC5,,,,,,,2,0,35396563,0,0,6,0,1,web,0,5998468
35396555,2026-07-07 14:32:03,2026-07-07 14:35:18,5240,,179895932,36051659,1280,720,2500,regular,0,00:00:09,100,finished,6,1,,5998468,36051659,2026-07-07 14:32:02,2026-07-07 14:35:18,0,179895932,36e6c99fc9368c413ba7426302ee2750,Modest Maximalism - YT taks,QR8WC7,,,,,,,1,0,35396555,0,0,6,0,1,web,0,5998468
35294328,2026-06-30 10:09:11,2026-06-30 10:49:58,5312,,179895932,35949368,8192,4096,2500,walkthrough360,0,00:01:52,100,finished,6,1,35294312,5998468,35949368,2026-06-30 10:09:10,2026-06-30 10:49:58,0,179895932,54be400cde0dc80c452c88273819513d,Thomas 14 - RENDERS - 360 segundo piso,QRZRGF,,,,,,,35949368,0,35294328,0,0,6,0,1,web,0,5998468
35294324,2026-06-30 10:09:10,2026-06-30 11:06:11,5107,,179895932,35949364,8192,4096,2500,walkthrough360,0,00:00:52,100,finished,6,1,35294312,5998468,35949364,2026-06-30 10:09:10,2026-06-30 11:06:11,0,179895932,54be400cde0dc80c452c88273819513d,Thomas 14 - RENDERS - 360 segundo piso,QRZRGA,,,,,,,35949364,0,35294324,0,0,6,0,1,web,0,5998468
35294320,2026-06-30 10:09:10,2026-06-30 10:42:50,5014,,179895932,35949360,8192,4096,2500,walkthrough360,0,00:01:21,100,finished,6,1,35294312,5998468,35949360,2026-06-30 10:09:09,2026-06-30 10:42:50,0,179895932,54be400cde0dc80c452c88273819513d,Thomas 14 - RENDERS - 360 segundo piso,QRZRG2,,,,,,,35949360,0,35294320,0,0,6,0,1,web,0,5998468
35294316,2026-06-30 10:09:09,2026-06-30 10:34:10,5111,,179895932,35949356,8192,4096,2500,walkthrough360,0,00:00:52,100,finished,6,1,35294312,5998468,35949356,2026-06-30 10:09:09,2026-06-30 10:34:10,0,179895932,54be400cde0dc80c452c88273819513d,Thomas 14 - RENDERS - 360 segundo piso,QRZRG8,,,,,,,35949356,0,35294316,0,0,6,0,1,web,0,5998468
35294312,2026-06-30 10:09:08,2026-06-30 10:34:26,5168,,179895932,35949352,8192,4096,2500,walkthrough360,0,00:00:52,100,finished,6,1,,5998468,35949352,2026-06-30 10:09:08,2026-06-30 10:34:26,0,179895932,54be400cde0dc80c452c88273819513d,Thomas 14 - RENDERS - 360 segundo piso,QRZRGY,,,,,,,2,0,35294312,0,0,6,0,1,web,0,5998468
35293280,2026-06-30 08:31:24,2026-06-30 09:13:19,3455,,179895932,35948320,8192,4096,2500,walkthrough360,0,00:01:47,100,finished,6,1,35293264,5998468,35948320,2026-06-30 08:31:24,2026-06-30 09:13:19,0,179895932,54be400cde0dc80c452c88273819513d,Thomas 14 - RENDERS - 360 segundo piso,QRZQGP,,,,,,,35948320,0,35293280,0,0,6,0,1,web,0,5998468
35293276,2026-06-30 08:31:24,2026-06-30 09:28:31,5107,,179895932,35948316,8192,4096,2500,walkthrough360,0,00:00:52,100,finished,6,1,35293264,5998468,35948316,2026-06-30 08:31:23,2026-06-30 09:28:31,0,179895932,54be400cde0dc80c452c88273819513d,Thomas 14 - RENDERS - 360 segundo piso,QRZQFK,,,,,,,35948316,0,35293276,0,0,6,0,1,web,0,5998468
35293272,2026-06-30 08:31:23,2026-06-30 08:59:01,5260,,179895932,35948312,8192,4096,2500,walkthrough360,0,00:01:37,100,finished,6,1,35293264,5998468,35948312,2026-06-30 08:31:23,2026-06-30 08:59:01,0,179895932,54be400cde0dc80c452c88273819513d,Thomas 14 - RENDERS - 360 segundo piso,QRZQFF,,,,,,,35948312,0,35293272,0,0,6,0,1,web,0,5998468
35293268,2026-06-30 08:31:23,2026-06-30 09:09:18,5172,,179895932,35948308,8192,4096,2500,walkthrough360,0,00:02:07,100,finished,6,1,35293264,5998468,35948308,2026-06-30 08:31:22,2026-06-30 09:09:18,0,179895932,54be400cde0dc80c452c88273819513d,Thomas 14 - RENDERS - 360 segundo piso,QRZQFA,,,,,,,35948308,0,35293268,0,0,6,0,1,web,0,5998468
35293264,2026-06-30 08:31:22,2026-06-30 08:39:23,5339,,179895932,35948304,8192,4096,2500,walkthrough360,0,00:00:46,100,finished,6,1,,5998468,35948304,2026-06-30 08:31:22,2026-06-30 10:37:23,0,179895932,54be400cde0dc80c452c88273819513d,Thomas 14 - RENDERS - 360 segundo piso,QRZQF2,,,,,,,1,0,35293264,0,0,6,0,1,web,1,5998468
35293208,2026-06-30 08:22:43,2026-06-30 08:47:18,5084,,179895932,35948248,8192,4096,2500,walkthrough360,0,00:00:56,100,finished,6,1,35293192,5998468,35948248,2026-06-30 08:22:43,2026-06-30 08:47:18,0,179895932,fd399dde295387fe3aa3b907a654196d,Thomas 14 - RENDERS,QRZQCF,,,,,,,35948248,0,35293208,0,0,6,0,1,web,0,5998468
35293204,2026-06-30 08:22:42,2026-06-30 09:05:03,5032,,179895932,35948244,8192,4096,2500,walkthrough360,0,00:02:03,100,finished,6,1,35293192,5998468,35948244,2026-06-30 08:22:42,2026-06-30 09:05:03,0,179895932,fd399dde295387fe3aa3b907a654196d,Thomas 14 - RENDERS,QRZQCA,,,,,,,35948244,0,35293204,0,0,6,0,1,web,0,5998468
35293200,2026-06-30 08:22:41,2026-06-30 08:51:38,5014,,179895932,35948240,8192,4096,2500,walkthrough360,0,00:02:05,100,finished,6,1,35293192,5998468,35948240,2026-06-30 08:22:40,2026-06-30 08:51:38,0,179895932,fd399dde295387fe3aa3b907a654196d,Thomas 14 - RENDERS,QRZQC2,,,,,,,35948240,0,35293200,0,0,6,0,1,web,0,5998468
35293196,2026-06-30 08:22:39,2026-06-30 08:52:57,5316,,179895932,35948236,8192,4096,2500,walkthrough360,0,00:01:09,100,finished,6,1,35293192,5998468,35948236,2026-06-30 08:22:39,2026-06-30 08:52:57,0,179895932,fd399dde295387fe3aa3b907a654196d,Thomas 14 - RENDERS,QRZQC8,,,,,,,35948236,0,35293196,0,0,6,0,1,web,0,5998468
35293192,2026-06-30 08:22:38,2026-06-30 08:58:00,5176,,179895932,35948232,8192,4096,2500,walkthrough360,0,00:02:03,100,finished,6,1,,5998468,35948232,2026-06-30 08:22:38,2026-06-30 08:58:00,0,179895932,fd399dde295387fe3aa3b907a654196d,Thomas 14 - RENDERS,QRZQCY,,,,,,,40,0,35293192,0,0,6,0,1,web,0,5998468
35284728,2026-06-29 18:36:54,2026-06-29 19:19:23,5339,,179895932,35939764,8192,4096,2500,walkthrough360,0,00:00:52,100,finished,6,1,35284712,5998468,35939764,2026-06-29 18:36:54,2026-06-29 19:19:23,0,179895932,bc38346afd4e9af41c027cb678a6e171,Thomas 14 360 second floor,QRYG9A,,,,,,,35939764,0,35284728,0,0,6,0,1,web,0,5998468
35284724,2026-06-29 18:36:54,2026-06-29 19:25:27,5335,,179895932,35939760,8192,4096,2500,walkthrough360,0,00:01:57,100,finished,6,1,35284712,5998468,35939760,2026-06-29 18:36:53,2026-06-29 19:25:27,0,179895932,bc38346afd4e9af41c027cb678a6e171,Thomas 14 360 second floor,QRYG92,,,,,,,35939760,0,35284724,0,0,6,0,1,web,0,5998468
35284720,2026-06-29 18:36:53,2026-06-29 19:09:22,5240,,179895932,35939756,8192,4096,2500,walkthrough360,0,00:01:11,100,finished,6,1,35284712,5998468,35939756,2026-06-29 18:36:52,2026-06-29 19:09:22,0,179895932,bc38346afd4e9af41c027cb678a6e171,Thomas 14 360 second floor,QRYG98,,,,,,,35939756,0,35284720,0,0,6,0,1,web,0,5998468
35284716,2026-06-29 18:36:52,2026-06-29 19:12:22,5248,,179895932,35939752,8192,4096,2500,walkthrough360,0,00:01:00,100,finished,6,1,35284712,5998468,35939752,2026-06-29 18:36:52,2026-06-29 19:12:22,0,179895932,bc38346afd4e9af41c027cb678a6e171,Thomas 14 360 second floor,QRYG9Y,,,,,,,35939752,0,35284716,0,0,6,0,1,web,0,5998468
35284712,2026-06-29 18:36:52,2026-06-29 19:11:29,5212,,179895932,35939748,8192,4096,2500,walkthrough360,0,00:01:03,100,finished,6,1,,5998468,35939748,2026-06-29 18:36:51,2026-06-29 19:11:29,0,179895932,bc38346afd4e9af41c027cb678a6e171,Thomas 14 360 second floor,QRYG9T,,,,,,,1,0,35284712,0,0,6,0,1,web,0,5998468
35284488,2026-06-29 18:26:13,2026-06-29 20:13:28,5107,,179895932,35939524,8192,4096,2500,walkthrough360,0,00:00:43,100,finished,6,1,35284472,5998468,35939524,2026-06-29 18:26:12,2026-06-29 20:13:28,0,179895932,020ecbaba5deed14375199a5e7b62bc8,Thomas 14,QRYGWT,,,,,,,35939524,0,35284488,0,0,6,0,1,web,0,5998468
35284484,2026-06-29 18:26:12,2026-06-29 18:59:26,5111,,179895932,35939520,8192,4096,2500,walkthrough360,0,00:05:17,100,error,6,1,35284472,5998468,35939520,2026-06-29 18:26:12,2026-06-29 18:59:26,0,179895932,020ecbaba5deed14375199a5e7b62bc8,Thomas 14,QRYGWP,,,,,,,35939520,0,35284484,0,0,6,0,1,web,0,5998468
35284480,2026-06-29 18:26:11,2026-06-29 18:56:42,4531,,179895932,35939516,8192,4096,2500,walkthrough360,0,00:02:12,100,finished,6,1,35284472,5998468,35939516,2026-06-29 18:26:11,2026-06-29 18:56:42,0,179895932,020ecbaba5deed14375199a5e7b62bc8,Thomas 14,QRYGVK,,,,,,,35939516,0,35284480,0,0,6,0,1,web,0,5998468
35284476,2026-06-29 18:26:11,2026-06-29 19:03:59,5216,,179895932,35939512,8192,4096,2500,walkthrough360,0,00:04:50,100,finished,6,1,35284472,5998468,35939512,2026-06-29 18:26:11,2026-06-29 19:03:59,0,179895932,020ecbaba5deed14375199a5e7b62bc8,Thomas 14,QRYGVF,,,,,,,35939512,0,35284476,0,0,6,0,1,web,0,5998468
35284472,2026-06-29 18:26:10,2026-06-29 19:04:05,5316,,179895932,35939508,8192,4096,2500,walkthrough360,0,00:04:38,100,finished,6,1,,5998468,35939508,2026-06-29 18:26:10,2026-06-29 19:04:05,0,179895932,020ecbaba5deed14375199a5e7b62bc8,Thomas 14,QRYGVA,,,,,,,1,0,35284472,0,0,6,0,1,web,0,5998468
35240787,2026-06-26 15:56:24,2026-06-26 16:11:11,5170,,179895932,35895803,3840,2160,2500,regular,0,00:00:20,100,finished,6,1,,5998468,35895803,2026-06-26 15:56:23,2026-06-26 16:11:11,0,179895932,fd399dde295387fe3aa3b907a654196d,Thomas 14 - RENDERS,QRX01J,,,,,,,39,0,35240787,0,0,6,0,1,web,0,5998468
35240100,2026-06-26 15:11:20,2026-06-26 15:29:13,5335,,179895932,35895116,3840,2160,2500,regular,0,00:00:34,100,finished,6,1,,5998468,35895116,2026-06-26 15:11:20,2026-06-26 15:29:13,0,179895932,fd399dde295387fe3aa3b907a654196d,Thomas 14 - RENDERS,QRX9H8,,,,,,,38,0,35240100,0,0,6,0,1,web,0,5998468
35239660,2026-06-26 14:48:27,2026-06-26 14:56:48,5154,,179895932,35894672,3840,2160,2500,regular,0,00:00:14,100,finished,6,1,,5998468,35894672,2026-06-26 14:48:26,2026-06-26 14:56:48,0,179895932,fd399dde295387fe3aa3b907a654196d,Thomas 14 - RENDERS,QRX982,,,,,,,37,0,35239660,0,0,6,0,1,web,0,5998468
35239643,2026-06-26 14:46:43,2026-06-26 14:58:31,5260,,179895932,35894655,3840,2160,2500,regular,0,00:00:15,100,finished,6,1,,5998468,35894655,2026-06-26 14:46:43,2026-06-26 14:58:31,0,179895932,fd399dde295387fe3aa3b907a654196d,Thomas 14 - RENDERS,QRX97N,,,,,,,36,0,35239643,0,0,6,0,1,web,0,5998468
35239624,2026-06-26 14:46:00,2026-06-26 15:00:47,5107,,179895932,35894636,3840,2160,2500,regular,0,00:00:20,100,finished,6,1,,5998468,35894636,2026-06-26 14:45:59,2026-06-26 15:00:47,0,179895932,fd399dde295387fe3aa3b907a654196d,Thomas 14 - RENDERS,QRX978,,,,,,,35,0,35239624,0,0,6,0,1,web,0,5998468
35239623,2026-06-26 14:45:42,2026-06-26 14:53:04,5335,,179895932,35894635,3840,2160,2500,regular,0,00:00:29,100,finished,6,1,,5998468,35894635,2026-06-26 14:45:42,2026-06-26 14:53:04,0,179895932,fd399dde295387fe3aa3b907a654196d,Thomas 14 - RENDERS,QRX977,,,,,,,34,0,35239623,0,0,6,0,1,web,0,5998468
35239619,2026-06-26 14:45:36,2026-06-26 14:52:25,3455,,179895932,35894631,3840,2160,2500,regular,0,00:00:35,100,finished,6,1,,5998468,35894631,2026-06-26 14:45:36,2026-06-26 14:52:25,0,179895932,fd399dde295387fe3aa3b907a654196d,Thomas 14 - RENDERS,QRX97X,,,,,,,33,0,35239619,0,0,6,0,1,web,0,5998468
35239572,2026-06-26 14:41:21,2026-06-26 14:51:46,5111,,179895932,35894584,3840,2160,2500,regular,0,00:00:19,100,finished,6,1,,5998468,35894584,2026-06-26 14:41:21,2026-06-26 14:51:46,0,179895932,fd399dde295387fe3aa3b907a654196d,Thomas 14 - RENDERS,QRX9ZF,,,,,,,32,0,35239572,0,0,6,0,1,web,0,5998468
35239283,2026-06-26 14:20:06,2026-06-26 14:31:10,5240,,179895932,35894295,3840,2160,2500,regular,0,00:00:20,100,finished,6,1,,5998468,35894295,2026-06-26 14:20:06,2026-06-26 14:31:10,0,179895932,fd399dde295387fe3aa3b907a654196d,Thomas 14 - RENDERS,QRX9PD,,,,,,,31,0,35239283,0,0,6,0,1,web,0,5998468
35239096,2026-06-26 14:00:52,2026-06-26 14:11:44,5216,,179895932,35894108,3840,2160,2500,regular,0,00:00:15,100,finished,6,1,,5998468,35894108,2026-06-26 14:00:51,2026-06-26 14:11:44,0,179895932,fd399dde295387fe3aa3b907a654196d,Thomas 14 - RENDERS,QRX8HK,,,,,,,30,0,35239096,0,0,6,0,1,web,0,5998468
35239095,2026-06-26 14:00:44,2026-06-26 14:15:54,5316,,179895932,35894107,3840,2160,2500,regular,0,00:00:32,100,error,6,1,,5998468,35894107,2026-06-26 14:00:43,2026-06-26 14:15:54,0,179895932,fd399dde295387fe3aa3b907a654196d,Thomas 14 - RENDERS,QRX8HJ,,,,,,,29,0,35239095,0,0,6,0,1,web,0,5998468
35239092,2026-06-26 14:00:31,2026-06-26 14:11:41,5240,,179895932,35894104,3840,2160,2500,regular,0,00:00:15,100,finished,6,1,,5998468,35894104,2026-06-26 14:00:30,2026-06-26 14:11:41,0,179895932,fd399dde295387fe3aa3b907a654196d,Thomas 14 - RENDERS,QRX8HF,,,,,,,28,0,35239092,0,0,6,0,1,web,0,5998468
35239091,2026-06-26 14:00:22,2026-06-26 14:14:07,5032,,179895932,35894103,3840,2160,2500,regular,0,00:00:35,100,finished,6,1,,5998468,35894103,2026-06-26 14:00:22,2026-06-26 14:14:07,0,179895932,fd399dde295387fe3aa3b907a654196d,Thomas 14 - RENDERS,QRX8HD,,,,,,,27,0,35239091,0,0,6,0,1,web,0,5998468
35239087,2026-06-26 14:00:16,2026-06-26 14:09:54,5154,,179895932,35894099,3840,2160,2500,regular,0,00:00:10,100,finished,6,1,,5998468,35894099,2026-06-26 14:00:15,2026-06-26 14:09:54,0,179895932,fd399dde295387fe3aa3b907a654196d,Thomas 14 - RENDERS,QRX8H5,,,,,,,26,0,35239087,0,0,6,0,1,web,0,5998468
35239083,2026-06-26 14:00:10,2026-06-26 14:10:04,5260,,179895932,35894095,3840,2160,2500,regular,0,00:00:14,100,finished,6,1,,5998468,35894095,2026-06-26 14:00:09,2026-06-26 14:10:04,0,179895932,fd399dde295387fe3aa3b907a654196d,Thomas 14 - RENDERS,QRX8H1,,,,,,,25,0,35239083,0,0,6,0,1,web,0,5998468
35239063,2026-06-26 13:58:58,2026-06-26 14:08:55,5084,,179895932,35894075,3840,2160,2500,regular,0,00:00:20,100,finished,6,1,,5998468,35894075,2026-06-26 13:58:57,2026-06-26 14:08:55,0,179895932,fd399dde295387fe3aa3b907a654196d,Thomas 14 - RENDERS,QRX8GJ,,,,,,,24,0,35239063,0,0,6,0,1,web,0,5998468
35238987,2026-06-26 13:52:17,2026-06-26 14:00:21,5240,,179895932,35893999,3840,2160,2500,regular,0,00:00:22,100,finished,6,1,,5998468,35893999,2026-06-26 13:52:16,2026-06-26 14:00:21,0,179895932,fd399dde295387fe3aa3b907a654196d,Thomas 14 - RENDERS,QRX8D1,,,,,,,23,0,35238987,0,0,6,0,1,web,0,5998468
35238855,2026-06-26 13:41:20,2026-06-26 13:50:25,5176,,179895932,35893867,3840,2160,2500,regular,0,00:00:30,100,finished,6,1,,5998468,35893867,2026-06-26 13:41:19,2026-06-26 13:50:25,0,179895932,fd399dde295387fe3aa3b907a654196d,Thomas 14 - RENDERS,QRX857,,,,,,,22,0,35238855,0,0,6,0,1,web,0,5998468
35238851,2026-06-26 13:41:13,2026-06-26 13:48:38,5212,,179895932,35893863,3840,2160,2500,regular,0,00:00:15,100,finished,6,1,,5998468,35893863,2026-06-26 13:41:12,2026-06-26 13:48:38,0,179895932,fd399dde295387fe3aa3b907a654196d,Thomas 14 - RENDERS,QRX85X,,,,,,,21,0,35238851,0,0,6,0,1,web,0,5998468
35238848,2026-06-26 13:41:07,2026-06-26 13:49:07,5316,,179895932,35893860,3840,2160,2500,regular,0,00:00:09,100,finished,6,1,,5998468,35893860,2026-06-26 13:41:06,2026-06-26 13:49:07,0,179895932,fd399dde295387fe3aa3b907a654196d,Thomas 14 - RENDERS,QRX85T,,,,,,,20,0,35238848,0,0,6,0,1,web,0,5998468
35238835,2026-06-26 13:40:06,2026-06-26 13:49:06,5170,,179895932,35893847,3840,2160,2500,regular,0,00:00:14,100,finished,6,1,,5998468,35893847,2026-06-26 13:40:02,2026-06-26 13:49:06,0,179895932,fd399dde295387fe3aa3b907a654196d,Thomas 14 - RENDERS,QRX84D,,,,,,,19,0,35238835,0,0,6,0,1,web,0,5998468
35238831,2026-06-26 13:39:53,2026-06-26 13:47:40,5240,,179895932,35893843,3840,2160,2500,regular,0,00:00:15,100,finished,6,1,,5998468,35893843,2026-06-26 13:39:53,2026-06-26 13:47:40,0,179895932,fd399dde295387fe3aa3b907a654196d,Thomas 14 - RENDERS,QRX845,,,,,,,18,0,35238831,0,0,6,0,1,web,0,5998468
35238759,2026-06-26 13:36:46,2026-06-26 13:44:37,5084,,179895932,35893771,3840,2160,2500,regular,0,00:00:15,100,finished,6,1,,5998468,35893771,2026-06-26 13:36:45,2026-06-26 13:44:37,0,179895932,fd399dde295387fe3aa3b907a654196d,Thomas 14 - RENDERS,QRX827,,,,,,,17,0,35238759,0,0,6,0,1,web,0,5998468
35238119,2026-06-26 12:14:00,2026-06-26 12:22:44,5176,,179895932,35893131,3840,2160,2500,regular,0,00:00:30,100,finished,6,1,,5998468,35893131,2026-06-26 12:14:00,2026-06-26 12:22:44,0,179895932,fd399dde295387fe3aa3b907a654196d,Thomas 14 - RENDERS,QRX7K7,,,,,,,16,0,35238119,0,0,6,0,1,web,0,5998468
35238112,2026-06-26 12:13:17,2026-06-26 12:24:57,5316,,179895932,35893124,3840,2160,2500,regular,0,00:01:02,100,error,6,1,,5998468,35893124,2026-06-26 12:13:16,2026-06-26 12:24:57,0,179895932,fd399dde295387fe3aa3b907a654196d,Thomas 14 - RENDERS,QRX7KT,,,,,,,15,0,35238112,0,0,6,0,1,web,0,5998468
35238099,2026-06-26 12:12:39,2026-06-26 12:19:54,5256,,179895932,35893111,3840,2160,2500,regular,0,00:00:15,100,finished,6,1,,5998468,35893111,2026-06-26 12:12:38,2026-06-26 12:19:54,0,179895932,fd399dde295387fe3aa3b907a654196d,Thomas 14 - RENDERS,QRX7JD,,,,,,,14,0,35238099,0,0,6,0,1,web,0,5998468
35238084,2026-06-26 12:11:46,2026-06-26 12:18:56,5260,,179895932,35893096,3840,2160,2500,regular,0,00:00:15,100,finished,6,1,,5998468,35893096,2026-06-26 12:11:45,2026-06-26 12:18:56,0,179895932,fd399dde295387fe3aa3b907a654196d,Thomas 14 - RENDERS,QRX7JY,,,,,,,13,0,35238084,0,0,6,0,1,web,0,5998468
35238064,2026-06-26 12:09:39,2026-06-26 12:18:53,5248,,179895932,35893076,3840,2160,2500,regular,0,00:00:20,100,finished,6,1,,5998468,35893076,2026-06-26 12:09:38,2026-06-26 12:18:53,0,179895932,fd399dde295387fe3aa3b907a654196d,Thomas 14 - RENDERS,QRX7HA,,,,,,,12,0,35238064,0,0,6,0,1,web,0,5998468
35238051,2026-06-26 12:09:11,2026-06-26 12:17:32,5111,,179895932,35893063,3840,2160,2500,regular,0,00:00:20,100,finished,6,1,,5998468,35893063,2026-06-26 12:09:11,2026-06-26 12:17:32,0,179895932,fd399dde295387fe3aa3b907a654196d,Thomas 14 - RENDERS,QRX7HX,,,,,,,11,0,35238051,0,0,6,0,1,web,0,5998468
35238043,2026-06-26 12:09:05,2026-06-26 12:23:07,5172,,179895932,35893055,3840,2160,2500,regular,0,00:00:40,100,finished,6,1,,5998468,35893055,2026-06-26 12:09:04,2026-06-26 12:23:07,0,179895932,fd399dde295387fe3aa3b907a654196d,Thomas 14 - RENDERS,QRX7GN,,,,,,,10,0,35238043,0,0,6,0,1,web,0,5998468
35238035,2026-06-26 12:08:48,2026-06-26 12:19:22,5154,,179895932,35893047,3840,2160,2500,regular,0,00:00:20,100,finished,6,1,,5998468,35893047,2026-06-26 12:08:48,2026-06-26 12:19:22,0,179895932,fd399dde295387fe3aa3b907a654196d,Thomas 14 - RENDERS,QRX7GD,,,,,,,9,0,35238035,0,0,6,0,1,web,0,5998468
35238019,2026-06-26 12:08:25,2026-06-26 12:22:52,5174,,179895932,35893031,3840,2160,2500,regular,0,00:00:30,100,finished,6,1,,5998468,35893031,2026-06-26 12:08:25,2026-06-26 12:22:52,0,179895932,fd399dde295387fe3aa3b907a654196d,Thomas 14 - RENDERS,QRX7GX,,,,,,,8,0,35238019,0,0,6,0,1,web,0,5998468
